-- Fixture Data
-- NOTE: There should be no zero values assigned to 'id' fields.

INSERT INTO entity_type (id, name) VALUES (1, 'author');
INSERT INTO entity_type (id, name) VALUES (2, 'language');
INSERT INTO entity_type (id, name) VALUES (3, 'person');
INSERT INTO entity_type (id, name) VALUES (5, 'book');
INSERT INTO entity_type (id, name) VALUES (6, 'movie');
INSERT INTO entity_type (id, name) VALUES (7, 'series');
INSERT INTO entity_type (id, name) VALUES (8, 'genre');
INSERT INTO entity_type (id, name) VALUES (9, 'origin');

--
-- IceItems
--




-- genre entries
INSERT INTO item (id, title, type_id) VALUES (1000, 'Poetry', 8);
INSERT INTO item (id, title, type_id) VALUES (1001, 'Fantasy', 8);
INSERT INTO item (id, title, type_id) VALUES (1002, 'Science Fiction', 8);
INSERT INTO item (id, title, type_id) VALUES (1003, 'Biography', 8);
INSERT INTO item (id, title, type_id) VALUES (1004, 'Novel', 8);
INSERT INTO item (id, title, type_id) VALUES (1005, 'Drama', 8);
INSERT INTO item (id, title, type_id) VALUES (1006, 'Modern', 8);
INSERT INTO item (id, title, type_id) VALUES (1007, 'Classic', 8);
INSERT INTO item (id, title, type_id) VALUES (1008, 'History', 8);
INSERT INTO item (id, title, type_id) VALUES (1009, 'Adaptation', 8);
INSERT INTO item (id, title, type_id) VALUES (1010, 'Tale', 8);
INSERT INTO item (id, title, type_id) VALUES (1011, 'Short Story', 8);
INSERT INTO item (id, title, type_id) VALUES (1012, 'Realistic Fiction', 8);
INSERT INTO item (id, title, type_id) VALUES (1013, 'Folklore', 8);
INSERT INTO item (id, title, type_id) VALUES (1014, 'Fable', 8);
INSERT INTO item (id, title, type_id) VALUES (1015, 'Speech', 8);
INSERT INTO item (id, title, type_id) VALUES (1016, 'Narrative', 8);
INSERT INTO item (id, title, type_id) VALUES (1017, 'Essay', 8);
INSERT INTO item (id, title, type_id) VALUES (1018, 'Mystery', 8);


-- language entries
INSERT INTO item (id, title, type_id) VALUES (1019, 'en', 2);
INSERT INTO item (id, title, type_id) VALUES (1020, 'ru', 2);
INSERT INTO item (id, title, type_id) VALUES (1021, 'cn', 2);


-- series entries
INSERT INTO item (id, title, type_id) VALUES (1025, 'Series_0', 7);
INSERT INTO item (id, title, type_id) VALUES (1026, 'Series_1', 7);
INSERT INTO item (id, title, type_id) VALUES (1027, 'Series_2', 7);
INSERT INTO item (id, title, type_id) VALUES (1028, 'Series_3', 7);
INSERT INTO item (id, title, type_id) VALUES (1029, 'Series_4', 7);


-- book_origin entries
INSERT INTO item (id, title, type_id) VALUES (1022, 'Origin_0', 9);
INSERT INTO item (id, title, type_id) VALUES (1023, 'Origin_1', 9);
INSERT INTO item (id, title, type_id) VALUES (1024, 'Origin_2', 9);


-- person entries
INSERT INTO item (id, title, type_id) VALUES (1030, 'PENN Wanda', 3);
INSERT INTO item (id, title, type_id) VALUES (1032, 'MURDOCK Arlene', 3);
INSERT INTO item (id, title, type_id) VALUES (1033, 'CANO Leon', 3);
INSERT INTO item (id, title, type_id) VALUES (1035, 'CHRISTIE Janet', 3);
INSERT INTO item (id, title, type_id) VALUES (1036, 'PEARCE Joel', 3);
INSERT INTO item (id, title, type_id) VALUES (1037, 'FELICIANO Lucy', 3);
INSERT INTO item (id, title, type_id) VALUES (1038, 'HOLBROOK Walter', 3);
INSERT INTO item (id, title, type_id) VALUES (1040, 'DOTY Elaine', 3);


-- book entries
INSERT INTO item (id, title, type_id) VALUES (1041, 'shine deliberately statement therefore must tend river loss temporary waste', 5);
INSERT INTO item (id, title, type_id) VALUES (1043, 'shape', 5);
INSERT INTO item (id, title, type_id) VALUES (1045, 'appreciate neat hook dare perfectly cook community cigarette shine comparison', 5);
INSERT INTO item (id, title, type_id) VALUES (1047, 'basket finger slightly magazine egg break carpet on merely earth', 5);
INSERT INTO item (id, title, type_id) VALUES (1049, 'lunch creative throughout form', 5);
INSERT INTO item (id, title, type_id) VALUES (1050, 'yeah landscape candle army spring administrative', 5);
INSERT INTO item (id, title, type_id) VALUES (1051, 'enable approach cousin themselves evidence', 5);
INSERT INTO item (id, title, type_id) VALUES (1053, 'table false campaign right', 5);
INSERT INTO item (id, title, type_id) VALUES (1054, 'keep airline mine sit bone against call poor speaker path', 5);
INSERT INTO item (id, title, type_id) VALUES (1056, 'golf helpful', 5);
INSERT INTO item (id, title, type_id) VALUES (1058, 'person relieve scale teach tough upset late', 5);
INSERT INTO item (id, title, type_id) VALUES (1059, 'forward music stupid daily burn', 5);
INSERT INTO item (id, title, type_id) VALUES (1060, 'physics network presentation good prize devil word tension', 5);
INSERT INTO item (id, title, type_id) VALUES (1061, 'impression strike conversation form heat interest lonely while extremely dog', 5);
INSERT INTO item (id, title, type_id) VALUES (1062, 'slice bridge anxious cable national dump', 5);
INSERT INTO item (id, title, type_id) VALUES (1064, 'paper sexual ship president bathroom', 5);
INSERT INTO item (id, title, type_id) VALUES (1065, 'silver', 5);
INSERT INTO item (id, title, type_id) VALUES (1066, 'another possible study bit committee most homework street', 5);
INSERT INTO item (id, title, type_id) VALUES (1067, 'lack party imagination engineering daily', 5);
INSERT INTO item (id, title, type_id) VALUES (1068, 'unique however bed recent exact lab association project', 5);
INSERT INTO item (id, title, type_id) VALUES (1070, 'certainly gear passenger shot paint coffee tooth dead bit directly', 5);
INSERT INTO item (id, title, type_id) VALUES (1071, 'sometimes likely spirit guidance morning king agency select quarter background', 5);
INSERT INTO item (id, title, type_id) VALUES (1073, 'concert yourself wild', 5);
INSERT INTO item (id, title, type_id) VALUES (1074, 'area cousin responsibility profile minimum second nearly meaning', 5);
INSERT INTO item (id, title, type_id) VALUES (1075, 'current him commercial chapter vast debate weekly communicate reality', 5);
INSERT INTO item (id, title, type_id) VALUES (1076, 'send mental her', 5);
INSERT INTO item (id, title, type_id) VALUES (1078, 'judge wealth', 5);
INSERT INTO item (id, title, type_id) VALUES (1079, 'quite brief carry over chapter pressure pizza', 5);
INSERT INTO item (id, title, type_id) VALUES (1080, 'conference gross bite politics away practice insect terribly from', 5);
INSERT INTO item (id, title, type_id) VALUES (1082, 'alone effectively significant oven perfectly', 5);
INSERT INTO item (id, title, type_id) VALUES (1084, 'mud song winner competitive celebration plastic stuff cost', 5);
INSERT INTO item (id, title, type_id) VALUES (1086, 'free theme bet amazing', 5);
INSERT INTO item (id, title, type_id) VALUES (1087, 'different black row routine leading', 5);
INSERT INTO item (id, title, type_id) VALUES (1089, 'sand previous unlikely border important rise', 5);
INSERT INTO item (id, title, type_id) VALUES (1091, 'today client development shine mood excuse skill royal business', 5);
INSERT INTO item (id, title, type_id) VALUES (1093, 'gap menu daughter', 5);
INSERT INTO item (id, title, type_id) VALUES (1095, 'ice practical atmosphere law newspaper', 5);
INSERT INTO item (id, title, type_id) VALUES (1097, 'trash anxiety rich succeed', 5);
INSERT INTO item (id, title, type_id) VALUES (1098, 'sun round replace drag employee old easily mother', 5);
INSERT INTO item (id, title, type_id) VALUES (1099, 'interested consequence daughter shame roof', 5);
INSERT INTO item (id, title, type_id) VALUES (1100, 'criticism quick yourself place possibly', 5);
INSERT INTO item (id, title, type_id) VALUES (1101, 'discussion', 5);
INSERT INTO item (id, title, type_id) VALUES (1103, 'tax', 5);
INSERT INTO item (id, title, type_id) VALUES (1105, 'inside outside rush committee', 5);
INSERT INTO item (id, title, type_id) VALUES (1107, 'bother live left city signal bus approve entertainment video', 5);
INSERT INTO item (id, title, type_id) VALUES (1108, 'choice search student', 5);
INSERT INTO item (id, title, type_id) VALUES (1110, 'develop criticism enable return menu false cell', 5);
INSERT INTO item (id, title, type_id) VALUES (1111, 'carefully summer', 5);
INSERT INTO item (id, title, type_id) VALUES (1113, 'fast successfully media truth signature', 5);
INSERT INTO item (id, title, type_id) VALUES (1114, 'box professional date', 5);
INSERT INTO item (id, title, type_id) VALUES (1116, 'sympathy poem', 5);
INSERT INTO item (id, title, type_id) VALUES (1118, 'beginning', 5);
INSERT INTO item (id, title, type_id) VALUES (1119, 'watch appreciate extension proof', 5);
INSERT INTO item (id, title, type_id) VALUES (1121, 'profit kiss girlfriend mark initial steak interesting', 5);
INSERT INTO item (id, title, type_id) VALUES (1122, 'tongue thank leadership attach', 5);
INSERT INTO item (id, title, type_id) VALUES (1124, 'popular kick strike notice pollution strategy emotion type somehow love', 5);
INSERT INTO item (id, title, type_id) VALUES (1125, 'the whether growth both supply', 5);
INSERT INTO item (id, title, type_id) VALUES (1126, 'check should exam massive inside relative struggle more patience frequently', 5);
INSERT INTO item (id, title, type_id) VALUES (1127, 'she shop situation weather ring kiss tax comfort exchange leading', 5);
INSERT INTO item (id, title, type_id) VALUES (1128, 'cancel officer neither except must north ready satisfaction party suppose', 5);
INSERT INTO item (id, title, type_id) VALUES (1130, 'assistant however background requirement mountain expose narrow top dog', 5);
INSERT INTO item (id, title, type_id) VALUES (1131, 'fuel', 5);
INSERT INTO item (id, title, type_id) VALUES (1132, 'capable spread', 5);
INSERT INTO item (id, title, type_id) VALUES (1134, 'divide', 5);
INSERT INTO item (id, title, type_id) VALUES (1135, 'south try tomorrow', 5);
INSERT INTO item (id, title, type_id) VALUES (1137, 'map unless boy blame', 5);
INSERT INTO item (id, title, type_id) VALUES (1138, 'little grow hopefully', 5);
INSERT INTO item (id, title, type_id) VALUES (1140, 'rare series collection sport anyone develop finish job', 5);
INSERT INTO item (id, title, type_id) VALUES (1142, 'confident reflection response airport tired contribution fun script deliver differ', 5);
INSERT INTO item (id, title, type_id) VALUES (1144, 'pleased sample belt health wake southern', 5);
INSERT INTO item (id, title, type_id) VALUES (1145, 'understand receive tour housing logical investigate wise lack final figure', 5);
INSERT INTO item (id, title, type_id) VALUES (1146, 'build convince greatly false global holiday', 5);
INSERT INTO item (id, title, type_id) VALUES (1148, 'new gently standard identify willing peak race', 5);
INSERT INTO item (id, title, type_id) VALUES (1149, 'interesting check organization business tear ever farm advertising accept', 5);
INSERT INTO item (id, title, type_id) VALUES (1151, 'cell dig easily nervous cry think brother feature corner', 5);
INSERT INTO item (id, title, type_id) VALUES (1153, 'visit trouble advantage', 5);
INSERT INTO item (id, title, type_id) VALUES (1155, 'count commission rely arise private blue flower', 5);
INSERT INTO item (id, title, type_id) VALUES (1157, 'highly', 5);
INSERT INTO item (id, title, type_id) VALUES (1158, 'had winner green', 5);
INSERT INTO item (id, title, type_id) VALUES (1159, 'plate slide pool', 5);
INSERT INTO item (id, title, type_id) VALUES (1161, 'soon heat assumption remove', 5);
INSERT INTO item (id, title, type_id) VALUES (1162, 'head unit evening', 5);
INSERT INTO item (id, title, type_id) VALUES (1164, 'sick raise protect major expensive useful', 5);
INSERT INTO item (id, title, type_id) VALUES (1165, 'otherwise flow editor because minute water manner rely signal secretary', 5);
INSERT INTO item (id, title, type_id) VALUES (1166, 'wine hell pen uncle continue finally beat lonely', 5);
INSERT INTO item (id, title, type_id) VALUES (1168, 'associate figure dog approach appear card hi', 5);
INSERT INTO item (id, title, type_id) VALUES (1169, 'guitar camp corner peace strip hopefully', 5);
INSERT INTO item (id, title, type_id) VALUES (1171, 'early lie network emotional along deeply', 5);
INSERT INTO item (id, title, type_id) VALUES (1172, 'cook stock', 5);
INSERT INTO item (id, title, type_id) VALUES (1174, 'tourist consider', 5);
INSERT INTO item (id, title, type_id) VALUES (1176, 'purpose she completely unfair example', 5);
INSERT INTO item (id, title, type_id) VALUES (1177, 'reflect initiative what pass regularly host park youth rent', 5);
INSERT INTO item (id, title, type_id) VALUES (1178, 'evidence teach war repeat driver winter today warm shock', 5);
INSERT INTO item (id, title, type_id) VALUES (1180, 'push poetry entry related concerned', 5);
INSERT INTO item (id, title, type_id) VALUES (1182, 'guard wing understanding invite sandwich exact', 5);
INSERT INTO item (id, title, type_id) VALUES (1184, 'carpet transition ease chemical', 5);
INSERT INTO item (id, title, type_id) VALUES (1185, 'still area unhappy negotiate upon assume', 5);
INSERT INTO item (id, title, type_id) VALUES (1187, 'delivery sudden somewhere drag career', 5);
INSERT INTO item (id, title, type_id) VALUES (1189, 'remarkable hard investment quote step his', 5);
INSERT INTO item (id, title, type_id) VALUES (1190, 'north properly shock interesting mission driver realistic airport', 5);


-- book relations: author
INSERT INTO item_relation (lhs, rhs, type_id) VALUES (1038, 1041, 1);
INSERT INTO item_relation (lhs, rhs, type_id) VALUES (1030, 1043, 1);
INSERT INTO item_relation (lhs, rhs, type_id) VALUES (1035, 1045, 1);
INSERT INTO item_relation (lhs, rhs, type_id) VALUES (1038, 1047, 1);
INSERT INTO item_relation (lhs, rhs, type_id) VALUES (1036, 1050, 1);
INSERT INTO item_relation (lhs, rhs, type_id) VALUES (1033, 1051, 1);
INSERT INTO item_relation (lhs, rhs, type_id) VALUES (1030, 1053, 1);
INSERT INTO item_relation (lhs, rhs, type_id) VALUES (1036, 1054, 1);
INSERT INTO item_relation (lhs, rhs, type_id) VALUES (1032, 1056, 1);
INSERT INTO item_relation (lhs, rhs, type_id) VALUES (1036, 1058, 1);
INSERT INTO item_relation (lhs, rhs, type_id) VALUES (1036, 1059, 1);
INSERT INTO item_relation (lhs, rhs, type_id) VALUES (1035, 1060, 1);
INSERT INTO item_relation (lhs, rhs, type_id) VALUES (1033, 1061, 1);
INSERT INTO item_relation (lhs, rhs, type_id) VALUES (1038, 1062, 1);
INSERT INTO item_relation (lhs, rhs, type_id) VALUES (1033, 1064, 1);
INSERT INTO item_relation (lhs, rhs, type_id) VALUES (1030, 1066, 1);
INSERT INTO item_relation (lhs, rhs, type_id) VALUES (1030, 1067, 1);
INSERT INTO item_relation (lhs, rhs, type_id) VALUES (1032, 1068, 1);
INSERT INTO item_relation (lhs, rhs, type_id) VALUES (1035, 1070, 1);
INSERT INTO item_relation (lhs, rhs, type_id) VALUES (1032, 1071, 1);
INSERT INTO item_relation (lhs, rhs, type_id) VALUES (1032, 1073, 1);
INSERT INTO item_relation (lhs, rhs, type_id) VALUES (1032, 1074, 1);
INSERT INTO item_relation (lhs, rhs, type_id) VALUES (1037, 1075, 1);
INSERT INTO item_relation (lhs, rhs, type_id) VALUES (1037, 1076, 1);
INSERT INTO item_relation (lhs, rhs, type_id) VALUES (1033, 1078, 1);
INSERT INTO item_relation (lhs, rhs, type_id) VALUES (1040, 1079, 1);
INSERT INTO item_relation (lhs, rhs, type_id) VALUES (1035, 1080, 1);
INSERT INTO item_relation (lhs, rhs, type_id) VALUES (1032, 1080, 1);
INSERT INTO item_relation (lhs, rhs, type_id) VALUES (1040, 1082, 1);
INSERT INTO item_relation (lhs, rhs, type_id) VALUES (1030, 1084, 1);
INSERT INTO item_relation (lhs, rhs, type_id) VALUES (1033, 1086, 1);
INSERT INTO item_relation (lhs, rhs, type_id) VALUES (1038, 1087, 1);
INSERT INTO item_relation (lhs, rhs, type_id) VALUES (1038, 1089, 1);
INSERT INTO item_relation (lhs, rhs, type_id) VALUES (1040, 1091, 1);
INSERT INTO item_relation (lhs, rhs, type_id) VALUES (1040, 1093, 1);
INSERT INTO item_relation (lhs, rhs, type_id) VALUES (1040, 1095, 1);
INSERT INTO item_relation (lhs, rhs, type_id) VALUES (1035, 1097, 1);
INSERT INTO item_relation (lhs, rhs, type_id) VALUES (1037, 1098, 1);
INSERT INTO item_relation (lhs, rhs, type_id) VALUES (1040, 1100, 1);
INSERT INTO item_relation (lhs, rhs, type_id) VALUES (1038, 1101, 1);
INSERT INTO item_relation (lhs, rhs, type_id) VALUES (1035, 1103, 1);
INSERT INTO item_relation (lhs, rhs, type_id) VALUES (1033, 1105, 1);
INSERT INTO item_relation (lhs, rhs, type_id) VALUES (1036, 1107, 1);
INSERT INTO item_relation (lhs, rhs, type_id) VALUES (1030, 1108, 1);
INSERT INTO item_relation (lhs, rhs, type_id) VALUES (1036, 1110, 1);
INSERT INTO item_relation (lhs, rhs, type_id) VALUES (1032, 1113, 1);
INSERT INTO item_relation (lhs, rhs, type_id) VALUES (1030, 1114, 1);
INSERT INTO item_relation (lhs, rhs, type_id) VALUES (1032, 1116, 1);
INSERT INTO item_relation (lhs, rhs, type_id) VALUES (1035, 1118, 1);
INSERT INTO item_relation (lhs, rhs, type_id) VALUES (1040, 1119, 1);
INSERT INTO item_relation (lhs, rhs, type_id) VALUES (1040, 1121, 1);
INSERT INTO item_relation (lhs, rhs, type_id) VALUES (1036, 1122, 1);
INSERT INTO item_relation (lhs, rhs, type_id) VALUES (1030, 1124, 1);
INSERT INTO item_relation (lhs, rhs, type_id) VALUES (1030, 1125, 1);
INSERT INTO item_relation (lhs, rhs, type_id) VALUES (1033, 1126, 1);
INSERT INTO item_relation (lhs, rhs, type_id) VALUES (1038, 1127, 1);
INSERT INTO item_relation (lhs, rhs, type_id) VALUES (1032, 1128, 1);
INSERT INTO item_relation (lhs, rhs, type_id) VALUES (1037, 1131, 1);
INSERT INTO item_relation (lhs, rhs, type_id) VALUES (1037, 1132, 1);
INSERT INTO item_relation (lhs, rhs, type_id) VALUES (1032, 1134, 1);
INSERT INTO item_relation (lhs, rhs, type_id) VALUES (1032, 1135, 1);
INSERT INTO item_relation (lhs, rhs, type_id) VALUES (1035, 1137, 1);
INSERT INTO item_relation (lhs, rhs, type_id) VALUES (1033, 1138, 1);
INSERT INTO item_relation (lhs, rhs, type_id) VALUES (1040, 1140, 1);
INSERT INTO item_relation (lhs, rhs, type_id) VALUES (1030, 1140, 1);
INSERT INTO item_relation (lhs, rhs, type_id) VALUES (1030, 1142, 1);
INSERT INTO item_relation (lhs, rhs, type_id) VALUES (1040, 1144, 1);
INSERT INTO item_relation (lhs, rhs, type_id) VALUES (1032, 1145, 1);
INSERT INTO item_relation (lhs, rhs, type_id) VALUES (1032, 1146, 1);
INSERT INTO item_relation (lhs, rhs, type_id) VALUES (1036, 1148, 1);
INSERT INTO item_relation (lhs, rhs, type_id) VALUES (1035, 1149, 1);
INSERT INTO item_relation (lhs, rhs, type_id) VALUES (1030, 1151, 1);
INSERT INTO item_relation (lhs, rhs, type_id) VALUES (1032, 1153, 1);
INSERT INTO item_relation (lhs, rhs, type_id) VALUES (1037, 1155, 1);
INSERT INTO item_relation (lhs, rhs, type_id) VALUES (1036, 1157, 1);
INSERT INTO item_relation (lhs, rhs, type_id) VALUES (1035, 1158, 1);
INSERT INTO item_relation (lhs, rhs, type_id) VALUES (1035, 1159, 1);
INSERT INTO item_relation (lhs, rhs, type_id) VALUES (1030, 1161, 1);
INSERT INTO item_relation (lhs, rhs, type_id) VALUES (1037, 1162, 1);
INSERT INTO item_relation (lhs, rhs, type_id) VALUES (1036, 1164, 1);
INSERT INTO item_relation (lhs, rhs, type_id) VALUES (1030, 1165, 1);
INSERT INTO item_relation (lhs, rhs, type_id) VALUES (1040, 1166, 1);
INSERT INTO item_relation (lhs, rhs, type_id) VALUES (1030, 1168, 1);
INSERT INTO item_relation (lhs, rhs, type_id) VALUES (1037, 1169, 1);
INSERT INTO item_relation (lhs, rhs, type_id) VALUES (1037, 1171, 1);
INSERT INTO item_relation (lhs, rhs, type_id) VALUES (1040, 1172, 1);
INSERT INTO item_relation (lhs, rhs, type_id) VALUES (1035, 1174, 1);
INSERT INTO item_relation (lhs, rhs, type_id) VALUES (1030, 1176, 1);
INSERT INTO item_relation (lhs, rhs, type_id) VALUES (1033, 1177, 1);
INSERT INTO item_relation (lhs, rhs, type_id) VALUES (1033, 1178, 1);
INSERT INTO item_relation (lhs, rhs, type_id) VALUES (1032, 1180, 1);
INSERT INTO item_relation (lhs, rhs, type_id) VALUES (1035, 1182, 1);
INSERT INTO item_relation (lhs, rhs, type_id) VALUES (1035, 1184, 1);
INSERT INTO item_relation (lhs, rhs, type_id) VALUES (1032, 1185, 1);
INSERT INTO item_relation (lhs, rhs, type_id) VALUES (1037, 1187, 1);
INSERT INTO item_relation (lhs, rhs, type_id) VALUES (1036, 1187, 1);
INSERT INTO item_relation (lhs, rhs, type_id) VALUES (1033, 1189, 1);
INSERT INTO item_relation (lhs, rhs, type_id) VALUES (1032, 1190, 1);


-- book relations: genre
INSERT INTO item_relation (lhs, rhs, type_id) VALUES (1005, 1041, 8);
INSERT INTO item_relation (lhs, rhs, type_id) VALUES (1008, 1043, 8);
INSERT INTO item_relation (lhs, rhs, type_id) VALUES (1018, 1045, 8);
INSERT INTO item_relation (lhs, rhs, type_id) VALUES (1012, 1047, 8);
INSERT INTO item_relation (lhs, rhs, type_id) VALUES (1014, 1049, 8);
INSERT INTO item_relation (lhs, rhs, type_id) VALUES (1010, 1050, 8);
INSERT INTO item_relation (lhs, rhs, type_id) VALUES (1000, 1051, 8);
INSERT INTO item_relation (lhs, rhs, type_id) VALUES (1014, 1053, 8);
INSERT INTO item_relation (lhs, rhs, type_id) VALUES (1001, 1054, 8);
INSERT INTO item_relation (lhs, rhs, type_id) VALUES (1003, 1056, 8);
INSERT INTO item_relation (lhs, rhs, type_id) VALUES (1003, 1058, 8);
INSERT INTO item_relation (lhs, rhs, type_id) VALUES (1003, 1059, 8);
INSERT INTO item_relation (lhs, rhs, type_id) VALUES (1015, 1060, 8);
INSERT INTO item_relation (lhs, rhs, type_id) VALUES (1006, 1061, 8);
INSERT INTO item_relation (lhs, rhs, type_id) VALUES (1013, 1062, 8);
INSERT INTO item_relation (lhs, rhs, type_id) VALUES (1018, 1064, 8);
INSERT INTO item_relation (lhs, rhs, type_id) VALUES (1004, 1065, 8);
INSERT INTO item_relation (lhs, rhs, type_id) VALUES (1010, 1066, 8);
INSERT INTO item_relation (lhs, rhs, type_id) VALUES (1009, 1067, 8);
INSERT INTO item_relation (lhs, rhs, type_id) VALUES (1007, 1068, 8);
INSERT INTO item_relation (lhs, rhs, type_id) VALUES (1000, 1070, 8);
INSERT INTO item_relation (lhs, rhs, type_id) VALUES (1018, 1071, 8);
INSERT INTO item_relation (lhs, rhs, type_id) VALUES (1010, 1073, 8);
INSERT INTO item_relation (lhs, rhs, type_id) VALUES (1002, 1074, 8);
INSERT INTO item_relation (lhs, rhs, type_id) VALUES (1011, 1075, 8);
INSERT INTO item_relation (lhs, rhs, type_id) VALUES (1011, 1076, 8);
INSERT INTO item_relation (lhs, rhs, type_id) VALUES (1000, 1078, 8);
INSERT INTO item_relation (lhs, rhs, type_id) VALUES (1012, 1079, 8);
INSERT INTO item_relation (lhs, rhs, type_id) VALUES (1005, 1080, 8);
INSERT INTO item_relation (lhs, rhs, type_id) VALUES (1008, 1082, 8);
INSERT INTO item_relation (lhs, rhs, type_id) VALUES (1015, 1084, 8);
INSERT INTO item_relation (lhs, rhs, type_id) VALUES (1017, 1086, 8);
INSERT INTO item_relation (lhs, rhs, type_id) VALUES (1000, 1087, 8);
INSERT INTO item_relation (lhs, rhs, type_id) VALUES (1004, 1089, 8);
INSERT INTO item_relation (lhs, rhs, type_id) VALUES (1007, 1091, 8);
INSERT INTO item_relation (lhs, rhs, type_id) VALUES (1001, 1093, 8);
INSERT INTO item_relation (lhs, rhs, type_id) VALUES (1003, 1095, 8);
INSERT INTO item_relation (lhs, rhs, type_id) VALUES (1016, 1097, 8);
INSERT INTO item_relation (lhs, rhs, type_id) VALUES (1007, 1098, 8);
INSERT INTO item_relation (lhs, rhs, type_id) VALUES (1012, 1099, 8);
INSERT INTO item_relation (lhs, rhs, type_id) VALUES (1013, 1100, 8);
INSERT INTO item_relation (lhs, rhs, type_id) VALUES (1018, 1101, 8);
INSERT INTO item_relation (lhs, rhs, type_id) VALUES (1001, 1103, 8);
INSERT INTO item_relation (lhs, rhs, type_id) VALUES (1001, 1105, 8);
INSERT INTO item_relation (lhs, rhs, type_id) VALUES (1003, 1107, 8);
INSERT INTO item_relation (lhs, rhs, type_id) VALUES (1002, 1108, 8);
INSERT INTO item_relation (lhs, rhs, type_id) VALUES (1016, 1110, 8);
INSERT INTO item_relation (lhs, rhs, type_id) VALUES (1007, 1111, 8);
INSERT INTO item_relation (lhs, rhs, type_id) VALUES (1017, 1113, 8);
INSERT INTO item_relation (lhs, rhs, type_id) VALUES (1000, 1114, 8);
INSERT INTO item_relation (lhs, rhs, type_id) VALUES (1015, 1116, 8);
INSERT INTO item_relation (lhs, rhs, type_id) VALUES (1001, 1118, 8);
INSERT INTO item_relation (lhs, rhs, type_id) VALUES (1011, 1119, 8);
INSERT INTO item_relation (lhs, rhs, type_id) VALUES (1001, 1121, 8);
INSERT INTO item_relation (lhs, rhs, type_id) VALUES (1009, 1122, 8);
INSERT INTO item_relation (lhs, rhs, type_id) VALUES (1005, 1124, 8);
INSERT INTO item_relation (lhs, rhs, type_id) VALUES (1017, 1125, 8);
INSERT INTO item_relation (lhs, rhs, type_id) VALUES (1003, 1126, 8);
INSERT INTO item_relation (lhs, rhs, type_id) VALUES (1018, 1127, 8);
INSERT INTO item_relation (lhs, rhs, type_id) VALUES (1008, 1128, 8);
INSERT INTO item_relation (lhs, rhs, type_id) VALUES (1016, 1130, 8);
INSERT INTO item_relation (lhs, rhs, type_id) VALUES (1015, 1131, 8);
INSERT INTO item_relation (lhs, rhs, type_id) VALUES (1005, 1132, 8);
INSERT INTO item_relation (lhs, rhs, type_id) VALUES (1008, 1134, 8);
INSERT INTO item_relation (lhs, rhs, type_id) VALUES (1012, 1135, 8);
INSERT INTO item_relation (lhs, rhs, type_id) VALUES (1018, 1137, 8);
INSERT INTO item_relation (lhs, rhs, type_id) VALUES (1004, 1138, 8);
INSERT INTO item_relation (lhs, rhs, type_id) VALUES (1017, 1140, 8);
INSERT INTO item_relation (lhs, rhs, type_id) VALUES (1015, 1142, 8);
INSERT INTO item_relation (lhs, rhs, type_id) VALUES (1005, 1144, 8);
INSERT INTO item_relation (lhs, rhs, type_id) VALUES (1017, 1145, 8);
INSERT INTO item_relation (lhs, rhs, type_id) VALUES (1015, 1146, 8);
INSERT INTO item_relation (lhs, rhs, type_id) VALUES (1017, 1148, 8);
INSERT INTO item_relation (lhs, rhs, type_id) VALUES (1018, 1149, 8);
INSERT INTO item_relation (lhs, rhs, type_id) VALUES (1015, 1151, 8);
INSERT INTO item_relation (lhs, rhs, type_id) VALUES (1016, 1153, 8);
INSERT INTO item_relation (lhs, rhs, type_id) VALUES (1013, 1155, 8);
INSERT INTO item_relation (lhs, rhs, type_id) VALUES (1013, 1157, 8);
INSERT INTO item_relation (lhs, rhs, type_id) VALUES (1009, 1158, 8);
INSERT INTO item_relation (lhs, rhs, type_id) VALUES (1006, 1159, 8);
INSERT INTO item_relation (lhs, rhs, type_id) VALUES (1015, 1161, 8);
INSERT INTO item_relation (lhs, rhs, type_id) VALUES (1001, 1162, 8);
INSERT INTO item_relation (lhs, rhs, type_id) VALUES (1009, 1164, 8);
INSERT INTO item_relation (lhs, rhs, type_id) VALUES (1000, 1165, 8);
INSERT INTO item_relation (lhs, rhs, type_id) VALUES (1010, 1166, 8);
INSERT INTO item_relation (lhs, rhs, type_id) VALUES (1003, 1168, 8);
INSERT INTO item_relation (lhs, rhs, type_id) VALUES (1017, 1169, 8);
INSERT INTO item_relation (lhs, rhs, type_id) VALUES (1005, 1171, 8);
INSERT INTO item_relation (lhs, rhs, type_id) VALUES (1007, 1172, 8);
INSERT INTO item_relation (lhs, rhs, type_id) VALUES (1017, 1174, 8);
INSERT INTO item_relation (lhs, rhs, type_id) VALUES (1001, 1176, 8);
INSERT INTO item_relation (lhs, rhs, type_id) VALUES (1010, 1177, 8);
INSERT INTO item_relation (lhs, rhs, type_id) VALUES (1009, 1178, 8);
INSERT INTO item_relation (lhs, rhs, type_id) VALUES (1010, 1180, 8);
INSERT INTO item_relation (lhs, rhs, type_id) VALUES (1016, 1182, 8);
INSERT INTO item_relation (lhs, rhs, type_id) VALUES (1015, 1184, 8);
INSERT INTO item_relation (lhs, rhs, type_id) VALUES (1003, 1185, 8);
INSERT INTO item_relation (lhs, rhs, type_id) VALUES (1008, 1187, 8);
INSERT INTO item_relation (lhs, rhs, type_id) VALUES (1004, 1189, 8);
INSERT INTO item_relation (lhs, rhs, type_id) VALUES (1009, 1190, 8);


-- book relations: language
INSERT INTO item_relation (lhs, rhs, type_id) VALUES (1020, 1041, 2);
INSERT INTO item_relation (lhs, rhs, type_id) VALUES (1019, 1043, 2);
INSERT INTO item_relation (lhs, rhs, type_id) VALUES (1019, 1045, 2);
INSERT INTO item_relation (lhs, rhs, type_id) VALUES (1019, 1047, 2);
INSERT INTO item_relation (lhs, rhs, type_id) VALUES (1019, 1049, 2);
INSERT INTO item_relation (lhs, rhs, type_id) VALUES (1020, 1050, 2);
INSERT INTO item_relation (lhs, rhs, type_id) VALUES (1020, 1051, 2);
INSERT INTO item_relation (lhs, rhs, type_id) VALUES (1020, 1053, 2);
INSERT INTO item_relation (lhs, rhs, type_id) VALUES (1019, 1053, 2);
INSERT INTO item_relation (lhs, rhs, type_id) VALUES (1019, 1054, 2);
INSERT INTO item_relation (lhs, rhs, type_id) VALUES (1019, 1056, 2);
INSERT INTO item_relation (lhs, rhs, type_id) VALUES (1020, 1058, 2);
INSERT INTO item_relation (lhs, rhs, type_id) VALUES (1019, 1058, 2);
INSERT INTO item_relation (lhs, rhs, type_id) VALUES (1019, 1059, 2);
INSERT INTO item_relation (lhs, rhs, type_id) VALUES (1019, 1060, 2);
INSERT INTO item_relation (lhs, rhs, type_id) VALUES (1019, 1061, 2);
INSERT INTO item_relation (lhs, rhs, type_id) VALUES (1020, 1062, 2);
INSERT INTO item_relation (lhs, rhs, type_id) VALUES (1019, 1064, 2);
INSERT INTO item_relation (lhs, rhs, type_id) VALUES (1019, 1065, 2);
INSERT INTO item_relation (lhs, rhs, type_id) VALUES (1019, 1066, 2);
INSERT INTO item_relation (lhs, rhs, type_id) VALUES (1019, 1067, 2);
INSERT INTO item_relation (lhs, rhs, type_id) VALUES (1019, 1068, 2);
INSERT INTO item_relation (lhs, rhs, type_id) VALUES (1020, 1070, 2);
INSERT INTO item_relation (lhs, rhs, type_id) VALUES (1019, 1071, 2);
INSERT INTO item_relation (lhs, rhs, type_id) VALUES (1019, 1073, 2);
INSERT INTO item_relation (lhs, rhs, type_id) VALUES (1020, 1074, 2);
INSERT INTO item_relation (lhs, rhs, type_id) VALUES (1020, 1075, 2);
INSERT INTO item_relation (lhs, rhs, type_id) VALUES (1019, 1076, 2);
INSERT INTO item_relation (lhs, rhs, type_id) VALUES (1020, 1078, 2);
INSERT INTO item_relation (lhs, rhs, type_id) VALUES (1019, 1079, 2);
INSERT INTO item_relation (lhs, rhs, type_id) VALUES (1019, 1080, 2);
INSERT INTO item_relation (lhs, rhs, type_id) VALUES (1019, 1082, 2);
INSERT INTO item_relation (lhs, rhs, type_id) VALUES (1019, 1084, 2);
INSERT INTO item_relation (lhs, rhs, type_id) VALUES (1019, 1086, 2);
INSERT INTO item_relation (lhs, rhs, type_id) VALUES (1019, 1087, 2);
INSERT INTO item_relation (lhs, rhs, type_id) VALUES (1020, 1089, 2);
INSERT INTO item_relation (lhs, rhs, type_id) VALUES (1020, 1091, 2);
INSERT INTO item_relation (lhs, rhs, type_id) VALUES (1019, 1093, 2);
INSERT INTO item_relation (lhs, rhs, type_id) VALUES (1019, 1095, 2);
INSERT INTO item_relation (lhs, rhs, type_id) VALUES (1019, 1097, 2);
INSERT INTO item_relation (lhs, rhs, type_id) VALUES (1019, 1098, 2);
INSERT INTO item_relation (lhs, rhs, type_id) VALUES (1020, 1099, 2);
INSERT INTO item_relation (lhs, rhs, type_id) VALUES (1020, 1100, 2);
INSERT INTO item_relation (lhs, rhs, type_id) VALUES (1021, 1101, 2);
INSERT INTO item_relation (lhs, rhs, type_id) VALUES (1019, 1103, 2);
INSERT INTO item_relation (lhs, rhs, type_id) VALUES (1019, 1105, 2);
INSERT INTO item_relation (lhs, rhs, type_id) VALUES (1020, 1107, 2);
INSERT INTO item_relation (lhs, rhs, type_id) VALUES (1019, 1108, 2);
INSERT INTO item_relation (lhs, rhs, type_id) VALUES (1020, 1110, 2);
INSERT INTO item_relation (lhs, rhs, type_id) VALUES (1019, 1111, 2);
INSERT INTO item_relation (lhs, rhs, type_id) VALUES (1019, 1113, 2);
INSERT INTO item_relation (lhs, rhs, type_id) VALUES (1019, 1114, 2);
INSERT INTO item_relation (lhs, rhs, type_id) VALUES (1019, 1116, 2);
INSERT INTO item_relation (lhs, rhs, type_id) VALUES (1019, 1118, 2);
INSERT INTO item_relation (lhs, rhs, type_id) VALUES (1019, 1119, 2);
INSERT INTO item_relation (lhs, rhs, type_id) VALUES (1019, 1121, 2);
INSERT INTO item_relation (lhs, rhs, type_id) VALUES (1020, 1122, 2);
INSERT INTO item_relation (lhs, rhs, type_id) VALUES (1019, 1124, 2);
INSERT INTO item_relation (lhs, rhs, type_id) VALUES (1019, 1125, 2);
INSERT INTO item_relation (lhs, rhs, type_id) VALUES (1019, 1126, 2);
INSERT INTO item_relation (lhs, rhs, type_id) VALUES (1019, 1127, 2);
INSERT INTO item_relation (lhs, rhs, type_id) VALUES (1019, 1128, 2);
INSERT INTO item_relation (lhs, rhs, type_id) VALUES (1019, 1130, 2);
INSERT INTO item_relation (lhs, rhs, type_id) VALUES (1019, 1131, 2);
INSERT INTO item_relation (lhs, rhs, type_id) VALUES (1019, 1132, 2);
INSERT INTO item_relation (lhs, rhs, type_id) VALUES (1019, 1134, 2);
INSERT INTO item_relation (lhs, rhs, type_id) VALUES (1019, 1135, 2);
INSERT INTO item_relation (lhs, rhs, type_id) VALUES (1019, 1137, 2);
INSERT INTO item_relation (lhs, rhs, type_id) VALUES (1019, 1138, 2);
INSERT INTO item_relation (lhs, rhs, type_id) VALUES (1019, 1140, 2);
INSERT INTO item_relation (lhs, rhs, type_id) VALUES (1019, 1142, 2);
INSERT INTO item_relation (lhs, rhs, type_id) VALUES (1019, 1144, 2);
INSERT INTO item_relation (lhs, rhs, type_id) VALUES (1019, 1145, 2);
INSERT INTO item_relation (lhs, rhs, type_id) VALUES (1021, 1146, 2);
INSERT INTO item_relation (lhs, rhs, type_id) VALUES (1019, 1148, 2);
INSERT INTO item_relation (lhs, rhs, type_id) VALUES (1019, 1149, 2);
INSERT INTO item_relation (lhs, rhs, type_id) VALUES (1019, 1151, 2);
INSERT INTO item_relation (lhs, rhs, type_id) VALUES (1019, 1153, 2);
INSERT INTO item_relation (lhs, rhs, type_id) VALUES (1021, 1155, 2);
INSERT INTO item_relation (lhs, rhs, type_id) VALUES (1020, 1155, 2);
INSERT INTO item_relation (lhs, rhs, type_id) VALUES (1019, 1155, 2);
INSERT INTO item_relation (lhs, rhs, type_id) VALUES (1019, 1157, 2);
INSERT INTO item_relation (lhs, rhs, type_id) VALUES (1019, 1158, 2);
INSERT INTO item_relation (lhs, rhs, type_id) VALUES (1019, 1159, 2);
INSERT INTO item_relation (lhs, rhs, type_id) VALUES (1019, 1161, 2);
INSERT INTO item_relation (lhs, rhs, type_id) VALUES (1019, 1162, 2);
INSERT INTO item_relation (lhs, rhs, type_id) VALUES (1019, 1164, 2);
INSERT INTO item_relation (lhs, rhs, type_id) VALUES (1019, 1165, 2);
INSERT INTO item_relation (lhs, rhs, type_id) VALUES (1019, 1166, 2);
INSERT INTO item_relation (lhs, rhs, type_id) VALUES (1020, 1168, 2);
INSERT INTO item_relation (lhs, rhs, type_id) VALUES (1019, 1168, 2);
INSERT INTO item_relation (lhs, rhs, type_id) VALUES (1019, 1169, 2);
INSERT INTO item_relation (lhs, rhs, type_id) VALUES (1019, 1171, 2);
INSERT INTO item_relation (lhs, rhs, type_id) VALUES (1021, 1172, 2);
INSERT INTO item_relation (lhs, rhs, type_id) VALUES (1020, 1174, 2);
INSERT INTO item_relation (lhs, rhs, type_id) VALUES (1020, 1176, 2);
INSERT INTO item_relation (lhs, rhs, type_id) VALUES (1020, 1177, 2);
INSERT INTO item_relation (lhs, rhs, type_id) VALUES (1019, 1178, 2);
INSERT INTO item_relation (lhs, rhs, type_id) VALUES (1019, 1180, 2);
INSERT INTO item_relation (lhs, rhs, type_id) VALUES (1019, 1182, 2);
INSERT INTO item_relation (lhs, rhs, type_id) VALUES (1021, 1184, 2);
INSERT INTO item_relation (lhs, rhs, type_id) VALUES (1020, 1184, 2);
INSERT INTO item_relation (lhs, rhs, type_id) VALUES (1019, 1184, 2);
INSERT INTO item_relation (lhs, rhs, type_id) VALUES (1019, 1185, 2);
INSERT INTO item_relation (lhs, rhs, type_id) VALUES (1019, 1187, 2);
INSERT INTO item_relation (lhs, rhs, type_id) VALUES (1019, 1189, 2);
INSERT INTO item_relation (lhs, rhs, type_id) VALUES (1019, 1190, 2);

-- Manually 'update' the counter - be greedy and assume that we inserted thousand items
SELECT seq_item.nextval FROM system_range(1, 1000);
